{
    "loss": 0.2658509612083435,
    "accuracy": 0.926174521446228
}